Workbook

Sheet Telas
A1: COLEGIO PUMAREJO - CHOMPA
A3: Tela | B3: Tipo | C3: Colores | D3: Precio por metro
A4: Antifluido Azul Noche | B4: Principal | C4: Azul Noche | D4: 8800
A5: Forro Vascanil | B5: Forro | C5: Azul | D5: 4600
A6: Sesgo Empitado Amarillo y Verde | B6: Complemento | C6: Amarillo / Verde | D6: 350

Sheet Insumos
A1: INSUMOS Y CONFECCION
A3: Concepto | B3: Valor | C3: Notas
A4: Corte | B4: 1000
A5: Bordado | B5: 2300
A6: Marquilla logo y talla | B6: 200
A7: Bolsa y cinta | B7: 100
A8: Cierre separable Numericas | B8: 1910 | C8: Tallas 6-16
A9: Cierre separable Letras | B9: 2100 | C9: Tallas S-XXL
A10: Confeccion | B10: 9000 | C10: Todas las tallas
A11: TOTAL Tallas Numericas (6-16) | B11: =SUM(B4:B8)+B10 -> 14510
A12: TOTAL Tallas Letras (S-XXL) | B12: =SUM(B4:B7)+B9+B10 -> 14700

Sheet Consumo Tela
A1: CONSUMO DE TELA POR TALLA
A3: Talla | B3: Antifluido (cm) | C3: Unidades | D3: Costo corte | E3: Antifluido c/u | F3: Forro c/u | G3: Largo hombro (cm) | H3: Sesgo empitado c/u
A4: TALLAS NUMERICAS (6-16) - Cierre $1,910 / Confeccion $9,000
A5: 6 | B5: 105 | C5: 1 | D5: =(B5/100)*Telas!$D$4 -> 9240 | E5: =D5/C5 -> 9240 | F5: =(B5/100)*Telas!$D$5 -> 4830 | G5: 14 | H5: =(G5/100)*4*Telas!$D$6 -> 196
A6: 8 | B6: 107 | C6: 1 | D6: =(B6/100)*Telas!$D$4 -> 9416 | E6: =D6/C6 -> 9416 | F6: =(B6/100)*Telas!$D$5 -> 4922 | G6: 15 | H6: =(G6/100)*4*Telas!$D$6 -> 210
A7: 10 | B7: 115 | C7: 1 | D7: =(B7/100)*Telas!$D$4 -> 10120 | E7: =D7/C7 -> 10120 | F7: =(B7/100)*Telas!$D$5 -> 5290 | G7: 16 | H7: =(G7/100)*4*Telas!$D$6 -> 224
A8: 12 | B8: 119 | C8: 1 | D8: =(B8/100)*Telas!$D$4 -> 10472 | E8: =D8/C8 -> 10472 | F8: =(B8/100)*Telas!$D$5 -> 5474 | G8: 17 | H8: =(G8/100)*4*Telas!$D$6 -> 238
A9: 14 | B9: 124 | C9: 1 | D9: =(B9/100)*Telas!$D$4 -> 10912 | E9: =D9/C9 -> 10912 | F9: =(B9/100)*Telas!$D$5 -> 5704 | G9: 18 | H9: =(G9/100)*4*Telas!$D$6 -> 252
A10: 16 | B10: 127 | C10: 1 | D10: =(B10/100)*Telas!$D$4 -> 11176 | E10: =D10/C10 -> 11176 | F10: =(B10/100)*Telas!$D$5 -> 5842 | G10: 20 | H10: =(G10/100)*4*Telas!$D$6 -> 280
A11: TALLAS LETRAS (S-XXL) - Cierre $2,100 / Confeccion $9,000
A12: S | B12: 135 | C12: 1 | D12: =(B12/100)*Telas!$D$4 -> 11880 | E12: =D12/C12 -> 11880 | F12: =(B12/100)*Telas!$D$5 -> 6210 | G12: 21 | H12: =(G12/100)*4*Telas!$D$6 -> 294
A13: M | B13: 140 | C13: 1 | D13: =(B13/100)*Telas!$D$4 -> 12320 | E13: =D13/C13 -> 12320 | F13: =(B13/100)*Telas!$D$5 -> 6440 | G13: 22 | H13: =(G13/100)*4*Telas!$D$6 -> 308
A14: L | B14: 145 | C14: 1 | D14: =(B14/100)*Telas!$D$4 -> 12760 | E14: =D14/C14 -> 12760 | F14: =(B14/100)*Telas!$D$5 -> 6670 | G14: 23 | H14: =(G14/100)*4*Telas!$D$6 -> 322
A15: XL | B15: 155 | C15: 1 | D15: =(B15/100)*Telas!$D$4 -> 13640 | E15: =D15/C15 -> 13640 | F15: =(B15/100)*Telas!$D$5 -> 7130 | G15: 24 | H15: =(G15/100)*4*Telas!$D$6 -> 336
A16: XXL | B16: 170 | C16: 1 | D16: =(B16/100)*Telas!$D$4 -> 14960 | E16: =D16/C16 -> 14960 | F16: =(B16/100)*Telas!$D$5 -> 7820 | G16: 25 | H16: =(G16/100)*4*Telas!$D$6 -> 350

Sheet Total por Talla
A1: COSTO TOTAL UNITARIO POR TALLA
A3: Talla | B3: Antifluido c/u | C3: Forro c/u | D3: Sesgo empitado c/u | E3: Insumos + Confeccion | F3: TOTAL UNITARIO
A4: TALLAS NUMERICAS (6-16) - Cierre $1,910 / Confeccion $9,000
A5: ='Consumo Tela'!A5 -> 6 | B5: ='Consumo Tela'!E5 -> 9240 | C5: ='Consumo Tela'!F5 -> 4830 | D5: ='Consumo Tela'!H5 -> 196 | E5: =Insumos!B11 -> 14510 | F5: =B5+C5+D5+E5 -> 28776
A6: ='Consumo Tela'!A6 -> 8 | B6: ='Consumo Tela'!E6 -> 9416 | C6: ='Consumo Tela'!F6 -> 4922 | D6: ='Consumo Tela'!H6 -> 210 | E6: =Insumos!B11 -> 14510 | F6: =B6+C6+D6+E6 -> 29058
A7: ='Consumo Tela'!A7 -> 10 | B7: ='Consumo Tela'!E7 -> 10120 | C7: ='Consumo Tela'!F7 -> 5290 | D7: ='Consumo Tela'!H7 -> 224 | E7: =Insumos!B11 -> 14510 | F7: =B7+C7+D7+E7 -> 30144
A8: ='Consumo Tela'!A8 -> 12 | B8: ='Consumo Tela'!E8 -> 10472 | C8: ='Consumo Tela'!F8 -> 5474 | D8: ='Consumo Tela'!H8 -> 238 | E8: =Insumos!B11 -> 14510 | F8: =B8+C8+D8+E8 -> 30694
A9: ='Consumo Tela'!A9 -> 14 | B9: ='Consumo Tela'!E9 -> 10912 | C9: ='Consumo Tela'!F9 -> 5704 | D9: ='Consumo Tela'!H9 -> 252 | E9: =Insumos!B11 -> 14510 | F9: =B9+C9+D9+E9 -> 31378
A10: ='Consumo Tela'!A10 -> 16 | B10: ='Consumo Tela'!E10 -> 11176 | C10: ='Consumo Tela'!F10 -> 5842 | D10: ='Consumo Tela'!H10 -> 280 | E10: =Insumos!B11 -> 14510 | F10: =B10+C10+D10+E10 -> 31808
A11: TALLAS LETRAS (S-XXL) - Cierre $2,100 / Confeccion $9,000 | F11: =B11+C11+D11+E11 -> 0
A12: ='Consumo Tela'!A12 -> S | B12: ='Consumo Tela'!E12 -> 11880 | C12: ='Consumo Tela'!F12 -> 6210 | D12: ='Consumo Tela'!H12 -> 294 | E12: =Insumos!B12 -> 14700 | F12: =B12+C12+D12+E12 -> 33084
A13: ='Consumo Tela'!A13 -> M | B13: ='Consumo Tela'!E13 -> 12320 | C13: ='Consumo Tela'!F13 -> 6440 | D13: ='Consumo Tela'!H13 -> 308 | E13: =Insumos!B12 -> 14700 | F13: =B13+C13+D13+E13 -> 33768
A14: ='Consumo Tela'!A14 -> L | B14: ='Consumo Tela'!E14 -> 12760 | C14: ='Consumo Tela'!F14 -> 6670 | D14: ='Consumo Tela'!H14 -> 322 | E14: =Insumos!B12 -> 14700 | F14: =B14+C14+D14+E14 -> 34452
A15: ='Consumo Tela'!A15 -> XL | B15: ='Consumo Tela'!E15 -> 13640 | C15: ='Consumo Tela'!F15 -> 7130 | D15: ='Consumo Tela'!H15 -> 336 | E15: =Insumos!B12 -> 14700 | F15: =B15+C15+D15+E15 -> 35806
A16: ='Consumo Tela'!A16 -> XXL | B16: ='Consumo Tela'!E16 -> 14960 | C16: ='Consumo Tela'!F16 -> 7820 | D16: ='Consumo Tela'!H16 -> 350 | E16: =Insumos!B12 -> 14700 | F16: =B16+C16+D16+E16 -> 37830
