Workbook

Sheet Telas
A1: COLEGIO COMFAMA - CAMISETA
A3: Tela | B3: Tipo | C3: Colores | D3: Precio por metro
A4: Lacost | B4: Principal | C4: Blanco | D4: 17900
A5: Poli/Lacost | B5: Colores | C5: Amarillo, Morado, Fucsia | D5: 11400

Sheet Insumos
A1: INSUMOS Y CONFECCION
A3: Concepto | B3: Valor | C3: Notas
A4: Marquilla logo | B4: 170 | C4: Subtotal con talla = $200
A5: Talla c/u | B5: 30 | C5: Subtotal con marquilla = $200
A6: Confeccion | B6: 4000
A7: Bolsa + cinta | B7: 100 | C7: Subtotal con broche = $300
A8: Bordado | B8: 1200
A9: Broche | B9: 200 | C9: Subtotal con bolsa = $300
A10: Corte | B10: 1000
A11: TOTAL INSUMOS | B11: =SUM(B4:B10) -> 6700

Sheet Consumo Tela
A1: CONSUMO DE TELA POR TALLA
A3: Talla | B3: Tela Lacost (cm) | C3: Unidades por corte | D3: Costo total corte | E3: Costo tela c/u
A4: 2 | B4: 60 | C4: 2 | D4: =(B4/100)*Telas!$D$4 -> 10740 | E4: =D4/C4 -> 5370
A5: 4 | B5: 65 | C5: 2 | D5: =(B5/100)*Telas!$D$4 -> 11635 | E5: =D5/C5 -> 5817.5
A6: 6 | B6: 70 | C6: 2 | D6: =(B6/100)*Telas!$D$4 -> 12530 | E6: =D6/C6 -> 6265
A7: 8 | B7: 75 | C7: 2 | D7: =(B7/100)*Telas!$D$4 -> 13425 | E7: =D7/C7 -> 6712.5
A8: 10 | B8: Pendiente | C8: Pendiente | D8: Pendiente | E8: Pendiente
A10: TELA COMPLEMENTO (RIB) - colores
A11: Todas | B11: 20 | C11: 1 | D11: 2300 | E11: 2300

Sheet Total por Talla
A1: COSTO TOTAL UNITARIO POR TALLA
A3: Talla | B3: Tela Lacost c/u | C3: Tela RIB c/u | D3: Insumos + Confeccion | E3: TOTAL UNITARIO
A4: ='Consumo Tela'!A4 -> 2 | B4: ='Consumo Tela'!E4 -> 5370 | C4: ='Consumo Tela'!E11 -> 2300 | D4: =Insumos!B11 -> 6700 | E4: =B4+C4+D4 -> 14370
A5: ='Consumo Tela'!A5 -> 4 | B5: ='Consumo Tela'!E5 -> 5817.5 | C5: ='Consumo Tela'!E11 -> 2300 | D5: =Insumos!B11 -> 6700 | E5: =B5+C5+D5 -> 14817.5
A6: ='Consumo Tela'!A6 -> 6 | B6: ='Consumo Tela'!E6 -> 6265 | C6: ='Consumo Tela'!E11 -> 2300 | D6: =Insumos!B11 -> 6700 | E6: =B6+C6+D6 -> 15265
A7: ='Consumo Tela'!A7 -> 8 | B7: ='Consumo Tela'!E7 -> 6712.5 | C7: ='Consumo Tela'!E11 -> 2300 | D7: =Insumos!B11 -> 6700 | E7: =B7+C7+D7 -> 15712.5
A8: ='Consumo Tela'!A8 -> 10 | B8: Pendiente | C8: ='Consumo Tela'!E11 -> 2300 | D8: =Insumos!B11 -> 6700 | E8: Pendiente
A11: Nota: Talla 10 pendiente - falta consumo de tela en la fuente original.
